Title,Link
Thời điểm vàng cho lá chanh giúp nâng vị món ăn,https://vnexpress.net/thoi-diem-vang-cho-la-chanh-giup-nang-vi-mon-an-4953230.html
Cầu thủ La Liga phản đối việc đưa trận Villarreal - Barca sang Mỹ,https://vnexpress.net/cau-thu-la-liga-phan-doi-viec-dua-tran-villarreal-barca-sang-my-4953061.html
Giả công an ép nữ sinh 18 tuổi đi nhậu để hiếp dâm,https://vnexpress.net/gia-cong-an-ep-nu-sinh-18-tuoi-di-nhau-de-hiep-dam-4953225.html
"Đắp thuốc sau khi bị rắn hổ mang cắn, người đàn ông tử vong",https://vnexpress.net/dap-thuoc-sau-khi-bi-ran-ho-mang-can-nguoi-dan-ong-tu-vong-4953208.html
Bé trai 7 tuổi suýt chết vì biến chứng hiếm của sốt xuất huyết,https://vnexpress.net/be-trai-7-tuoi-suyt-chet-vi-bien-chung-hiem-cua-sot-xuat-huyet-4953195.html
Gần 90% người vi phạm nồng độ cồn trong độ tuổi lao động,https://vnexpress.net/gan-90-nguoi-vi-pham-nong-do-con-trong-do-tuoi-lao-dong-4953209.html
"Bão Fengshen vào Biển Đông, gió giật cấp 13",https://vnexpress.net/bao-fengshen-vao-bien-dong-gio-giat-cap-13-4953222.html
"Sau 10 năm gặp lại, tôi và tình cũ đều giữ mình",https://vnexpress.net/sau-10-nam-gap-lai-toi-va-tinh-cu-deu-giu-minh-4953002.html
Biểu cảm của Liên Bỉnh Phát khi được xướng tên tại giải Kim Chung,https://vnexpress.net/bieu-cam-cua-lien-binh-phat-khi-duoc-xuong-ten-tai-giai-kim-chung-4953177.html
Giáo hoàng phong thánh cho 7 người,https://vnexpress.net/giao-hoang-phong-thanh-cho-7-nguoi-4953149.html
Cuộc sống tuổi 30 của Hoài Lâm,https://vnexpress.net/cuoc-song-tuoi-30-cua-hoai-lam-4953215.html
"Hà Anh Tuấn hát nhạc Phạm Duy, Trịnh Công Sơn ở Mỹ",https://vnexpress.net/ha-anh-tuan-hat-nhac-pham-duy-trinh-cong-son-o-my-4953200.html
Nhóm cướp mang cưa máy đột nhập bảo tàng Louvre,https://vnexpress.net/nhom-cuop-mang-cua-may-dot-nhap-bao-tang-louvre-4953223.html
Dàn KOL khuấy động chung kết tổng Visa VMC Winter 2025,https://vnexpress.net/dan-kol-khuay-dong-chung-ket-tong-visa-vmc-winter-2025-4953173.html
Thủ tướng: Tăng trưởng hai chữ số những năm tới 'không thể không làm',https://vnexpress.net/thu-tuong-tang-truong-hai-chu-so-nhung-nam-toi-khong-the-khong-lam-4953219.html
Vingroup nâng vốn đầu tư dự án Hạ Long Xanh lên gần 18 tỷ USD,https://vnexpress.net/vingroup-nang-von-dau-tu-du-an-ha-long-xanh-len-gan-18-ty-usd-4953190.html
"Điểm tin 17h: Tiền gửi dân cư đạt kỷ lục gần 7,75 triệu tỷ | Không khí lạnh tràn xuống miền Bắc",https://vnexpress.net/diem-tin-17h-tien-gui-dan-cu-dat-ky-luc-gan-7-75-trieu-ty-khong-khi-lanh-tran-xuong-mien-bac-4953216.html
Thu ngân sách đến hết 16/10 vượt dự toán cả năm,https://vnexpress.net/thu-ngan-sach-den-het-16-10-vuot-du-toan-ca-nam-4953174.html
Gia đình 5 người thiệt mạng vì bão Fengshen,https://vnexpress.net/gia-dinh-5-nguoi-thiet-mang-vi-bao-fengshen-4953201.html
PNJ đồng hành giải chạy dành cho cộng đồng dịp 20/10,https://vnexpress.net/pnj-dong-hanh-giai-chay-danh-cho-cong-dong-dip-20-10-4953204.html
U22 Timor Leste trách nhầm Thái Lan khi quên đăng ký dự SEA Games 33,https://vnexpress.net/u22-timor-leste-trach-nham-thai-lan-khi-quen-dang-ky-du-sea-games-33-4953205.html
Băng rừng đưa hàng cứu trợ cho hơn 1.000 người bị cô lập,https://vnexpress.net/bang-rung-dua-hang-cuu-tro-cho-hon-1-000-nguoi-bi-co-lap-4953192.html
Người Gaza sốc trước cảnh hoang tàn 'như vụ nổ bom hạt nhân',https://vnexpress.net/nguoi-gaza-soc-truoc-canh-hoang-tan-nhu-vu-no-bom-hat-nhan-4953181.html
Tôi từ chối nhận đơn vì shipper 'găm hàng' nửa tháng,https://vnexpress.net/toi-tu-choi-nhan-don-vi-shipper-gam-hang-nua-thang-4953171.html
Nhà vô địch Olympic bỏ qua 3 dấu hiệu cảnh báo ung thư vì tưởng bệnh vặt,https://vnexpress.net/nha-vo-dich-olympic-bo-qua-3-dau-hieu-canh-bao-ung-thu-vi-tuong-benh-vat-4952924.html
Di chuyển 1 que diêm nào để '18 - 5 = 21' đúng?,https://vnexpress.net/di-chuyen-1-que-diem-nao-de-18-5-21-dung-4951764.html
"Vì sao mắc mưa, lạnh dễ bị ho?",https://vnexpress.net/vi-sao-mac-mua-lanh-de-bi-ho-4953036.html
Điểm nhấn giúp Limo Green chiếm ngồi đầu phân khúc MPV,https://vnexpress.net/diem-nhan-giup-limo-green-chiem-ngoi-dau-phan-khuc-mpv-4947873.html
Nghệ sĩ Ái Như hạnh phúc khi lần đầu đóng chính,https://vnexpress.net/nghe-si-ai-nhu-hanh-phuc-khi-lan-dau-dong-chinh-4953125.html
Angelina Jolie diện váy lộ hình xăm hổ,https://vnexpress.net/angelina-jolie-dien-vay-lo-hinh-xam-ho-4953186.html
Ẩn hoạ ma tuý 'núp bóng' đồ uống,https://vnexpress.net/an-hoa-ma-tuy-nup-bong-do-uong-4953185.html
Người đàn ông lên rừng bẻ măng nghi bị voi giẫm chết,https://vnexpress.net/nguoi-dan-ong-len-rung-be-mang-nghi-bi-voi-giam-chet-4953170.html
"Tháp chứa 800 tấn ngũ cốc bị sập, người dân tháo chạy",https://vnexpress.net/thap-chua-800-tan-ngu-coc-bi-sap-nguoi-dan-thao-chay-4953133.html
"Cạy tủ, trộm tiền vàng của ông bà nội",https://vnexpress.net/cay-tu-trom-tien-vang-cua-ong-ba-noi-4953179.html
Tuyển nữ Việt Nam vào bảng khó tại SEA Games 33,https://vnexpress.net/tuyen-nu-viet-nam-vao-bang-kho-tai-sea-games-33-4953189.html
"Là con ngoài giá thú, tôi vượt mọi khó khăn để có vợ đẹp con ngoan",https://vnexpress.net/la-con-ngoai-gia-thu-toi-vuot-moi-kho-khan-de-co-vo-dep-con-ngoan-4952588.html
Nam sinh chuyên Hà Nội - Amsterdam giành vé cuối vào chung kết Olympia,https://vnexpress.net/nam-sinh-chuyen-ha-noi-amsterdam-gianh-ve-cuoi-vao-chung-ket-olympia-4953164.html
Khởi công sân vận động lớn nhất Việt Nam,https://vnexpress.net/khoi-cong-san-van-dong-lon-nhat-viet-nam-4953162.html
5 ôtô gầm cao bán nhiều nhất quý III,https://vnexpress.net/oto-xe-may/v-car/doanh-so/5-oto-gam-cao-ban-nhieu-nhat-quy-iii-4953111.html
Hội chứng 'sợ ăn chung' của người Nhật,https://vnexpress.net/hoi-chung-so-an-chung-cua-nguoi-nhat-4952804.html
Ai tìm thấy chú chó trước thì đúng là thiên tài quan sát,https://vnexpress.net/ai-tim-thay-chu-cho-truoc-thi-dung-la-thien-tai-quan-sat-4951269.html
Tensor hợp tác VinFast sản xuất xe tự lái cho cá nhân,https://vnexpress.net/tensor-hop-tac-vinfast-san-xuat-xe-tu-lai-cho-ca-nhan-4953161.html
"Tiền gửi dân cư đạt kỷ lục gần 7,75 triệu tỷ",https://vnexpress.net/tien-gui-dan-cu-dat-ky-luc-gan-7-75-trieu-ty-4953130.html
10 ôtô bán nhiều nhất thị trường Việt Nam quý III,https://vnexpress.net/oto-xe-may/v-car/doanh-so/10-oto-ban-nhieu-nhat-thi-truong-viet-nam-quy-iii-4953126.html
Bộ trưởng Quốc phòng Mỹ gây tranh cãi vì đeo cravat giống màu cờ Nga,https://vnexpress.net/bo-truong-quoc-phong-my-gay-tranh-cai-vi-deo-cravat-giong-mau-co-nga-4953150.html
Tìm thấy chén trà khổng lồ cuối cùng bị lũ cuốn ở Thái Nguyên,https://vnexpress.net/tim-thay-chen-tra-khong-lo-cuoi-cung-bi-lu-cuon-o-thai-nguyen-4953152.html
U22 Việt Nam đấu Malaysia ở vòng bảng SEA Games 33,https://vnexpress.net/u22-viet-nam-dau-malaysia-o-vong-bang-sea-games-33-4953165.html
Đường đi của tiền số có thể được truy vết thế nào,https://vnexpress.net/duong-di-cua-tien-so-co-the-duoc-truy-vet-the-nao-4952940.html
Liên Bỉnh Phát - từ phục vụ nhà hàng đến ngôi sao màn ảnh,https://vnexpress.net/lien-binh-phat-tu-phuc-vu-nha-hang-den-ngoi-sao-man-anh-4953121.html
Thiếu nữ 16 tuổi tử vong vì chữa u não theo quảng cáo,https://vnexpress.net/thieu-nu-16-tuoi-tu-vong-vi-chua-u-nao-theo-quang-cao-4952783.html
Arteta thích chiến thắng xấu xí của Arsenal,https://vnexpress.net/arteta-thich-chien-thang-xau-xi-cua-arsenal-4953137.html
Trấn Thành khóc 'thương thí sinh Anh trai suýt bị loại',https://vnexpress.net/tran-thanh-khoc-thuong-thi-sinh-anh-trai-suyt-bi-loai-4953144.html
'Nữ thần' Yoona tạo dáng với nón lá,https://vnexpress.net/nu-than-yoona-tao-dang-voi-non-la-4953122.html
